{
  "images/banner1.png": 1744261792691,
  "model/models.js": 1742985715487,
  "controller/Home.controller.js": 1744197962731,
  "controller/BooksList.controller.js": 1742985715487,
  "controller/AuthorsList.controller.js": 1742985715487,
  "controller/App.controller.js": 1744260583579,
  "manifest.json": 1746439063750,
  "Component.js": 1742985715487,
  "controller/Home-dbg.controller.js": 1744197962731,
  "controller/Home.controller.js.map": 1746439063860,
  "model/models-dbg.js": 1742985715487,
  "model/models.js.map": 1746439063862,
  "controller/BooksList-dbg.controller.js": 1742985715487,
  "controller/BooksList.controller.js.map": 1746439063899,
  "controller/AuthorsList-dbg.controller.js": 1742985715487,
  "controller/AuthorsList.controller.js.map": 1746439063864,
  "controller/App-dbg.controller.js": 1744260583579,
  "controller/App.controller.js.map": 1746439063897,
  "Component-dbg.js": 1742985715487,
  "Component.js.map": 1746439063893,
  "Component-preload.js": 1746439063965,
  "Component-preload.js.map": 1746439063966,
  "view/Home.view.xml": 1744263396862,
  "view/BooksList.view.xml": 1742985715491,
  "view/AuthorList.view.xml": 1742985715491,
  "view/App.view.xml": 1744261397288,
  "images/banner2.png": 1744261804735,
  "i18n/i18n.properties": 1742985715487,
  "css/style.css": 1742985715487,
  "index.html": 1742985715487
}