{
  "controller/BooksList-dbg.controller.js": 1742363126697,
  "controller/BooksList.controller.js": 1742363126697,
  "model/models.js": 1742363126689,
  "controller/AuthorsList.controller.js": 1742366524169,
  "controller/App.controller.js": 1742364347583,
  "manifest.json": 1742548825768,
  "Component.js": 1742363126685,
  "controller/AuthorsList-dbg.controller.js": 1742366524169,
  "controller/AuthorsList.controller.js.map": 1742548825884,
  "model/models-dbg.js": 1742363126689,
  "model/models.js.map": 1742548825881,
  "i18n/i18n.properties": 1742363132241,
  "controller/BooksList.controller.js.map": 1742548825883,
  "controller/App-dbg.controller.js": 1742364347583,
  "controller/App.controller.js.map": 1742548825884,
  "Component-dbg.js": 1742363126685,
  "Component.js.map": 1742548825884,
  "Component-preload.js": 1742548825949,
  "Component-preload.js.map": 1742548825949,
  "view/BooksList.view.xml": 1742363449747,
  "view/AuthorList.view.xml": 1742366453461,
  "view/App.view.xml": 1742363983270,
  "css/style.css": 1742363126693,
  "index.html": 1742363126685
}